Employee name,Will be retrenched,,,,
Mahesh Rathnayaka MaheshSamarasinghe,0,,,,
Nalaka Dias PereraGunasekara,0,,,,
Sri Jayawardena RanjithGunasekara,0,,,,
Anura Rajapaksa PereraPathirana,0,,,,
Sri Gunasekara ChandanaBandara,0,,,,
Karuna Weerasinghe NalakaBandara,0,,,,
Tharanga Fernando KumaraAbeysekera,0,,,,
Priya Abeysekera SriPathirana,0,,,,
Anura Kumara NalakaGunasekara,0,,,,
Sena Pathirana SamarRathnayaka,0,,,,
Anura Fernando SamarSamarasinghe,0,,,,
Mahesh Jayawardena TharangaKumara,0,,,,
Mahesh Weerasinghe AmaraPathirana,0,,,,
Sunil Silva SriSenanayake,0,,,,
Nuwan Jayawardena MaheshKumara,0,,,,
Mahesh Fernando PereraWeerasinghe,0,,,,
Priya Samarasinghe SriPerera,0,,,,
Ruwan Fernando KarunaEkanayake,0,,,,
Nalaka Ratnayake SunilGunasekara,0,,,,
Amara Kumara AnuraRanatunga,0,,,,
Tharanga Fernando RuwanJayasinghe,0,,,,
Kumara Fernando RanjithEkanayake,0,,,,
Karuna Pathirana LakshmiDias,0,,,,
Chandana Rajapaksa RanjithPerera,0,,,,
Samar Fernando GayanDias,0,,,,
Anura Fernando PriyaJayawardena,0,,,,
Tharanga Rajapaksa GayanDias,0,,,,
Mahesh Jayasinghe PriyaEkanayake,0,,,,
Anura Weerasinghe AnuraSamarasinghe,0,,,,
Priya Jayawardena PriyaSenanayake,0,,,,
Karuna Abeysekera RuwanJayawardena,0,,,,
Priya Weerasinghe PereraRajapaksa,0,,,,
Mahesh Silva NuwanFernando,0,,,,
Dinesh Dias GayanRanatunga,0,,,,
Mahesh Silva MaheshSilva,0,,,,
Ranjith Gunasekara RanjithFernando,0,,,,
Chandana Perera NuwanSenanayake,0,,,,
Amara Rathnayaka SenaSenanayake,0,,,,
Gayan Bandara LakshmiAbeysekera,0,,,,
Karuna Rajapaksa KumaraRatnayake,0,,,,
Perera Samarasinghe TharangaWijesinghe,0,,,,
Priya Jayasinghe KarunaKumara,0,,,,
Karuna Rathnayaka NalakaPathirana,0,,,,
Karuna Perera AmaraWeerasinghe,0,,,,
Sri Jayawardena KarunaSilva,0,,,,
Nalaka Pathirana RanjithJayasinghe,0,,,,
Gayan Perera SamarWeerasinghe,0,,,,
Samar Ratnayake AnuraWeerasinghe,0,,,,
Sunil Rathnayaka SunilSamarasinghe,0,,,,
Ranjith Jayawardena NalakaSenanayake,0,,,,
Dinesh Ranatunga KarunaDias,0,,,,
Sena Ratnayake SamarSamarasinghe,0,,,,Will be retrenched
Mahesh Samarasinghe SenaGunasekara,0,,,,
Ranjith Silva KumaraWeerasinghe,0,,,,
Mahesh Samarasinghe DineshRanatunga,0,,,,
Nalaka Ratnayake AmaraDias,0,,,,
Tharanga Ranatunga GayanRatnayake,0,,,,
Ruwan Dias LakshmiRathnayaka,0,,,,
Ruwan Jayasinghe SenaAbeysekera,0,,,,
Anura Ratnayake KumaraDias,0,,,,
Nuwan Fernando RanjithBandara,0,,,,
Ruwan Wijesinghe ChandanaSilva,0,,,,117
Chandana Wijesinghe SriFernando,0,,,,
Anura Samarasinghe NuwanPerera,0,,,,
Anura Perera DineshKumara,0,,,,
Chandana Gunasekara TharangaDias,0,,,,
Tharanga Silva NuwanRanatunga,0,,,,
Tharanga Kumara TharangaEkanayake,0,,,,
Kumara Fernando AnuraSilva,0,,,,
Anura Samarasinghe RuwanRatnayake,0,,,,
Ruwan Fernando TharangaBandara,0,,,,
Perera Silva KumaraRathnayaka,0,,,,
Samar Jayasinghe RuwanFernando,0,,,,
Sri Gunasekara PereraDias,0,,,,
Sunil Fernando SamarRanatunga,0,,,,
Perera Weerasinghe AnuraAbeysekera,0,,,,
Sri Kumara TharangaJayasinghe,0,,,,
Sunil Gunasekara TharangaRanatunga,0,,,,
Ranjith Weerasinghe KumaraPathirana,0,,,,
Ruwan Kumara DineshGunasekara,0,,,,
Lakshmi Ratnayake PereraSenanayake,0,,,,
Amara Ranatunga KumaraWeerasinghe,0,,,,
Ranjith Senanayake AnuraRathnayaka,0,,,,
Perera Perera GayanAbeysekera,0,,,,
Samar Pathirana KarunaRajapaksa,0,,,,
Chandana Wijesinghe NuwanGunasekara,0,,,,
Priya Abeysekera MaheshDias,0,,,,
Perera Wijesinghe GayanEkanayake,0,,,,
Anura Pathirana KarunaSilva,0,,,,
Amara Silva LakshmiSilva,0,,,,
Ranjith Ratnayake TharangaJayasinghe,0,,,,
Nuwan Fernando PriyaJayawardena,0,,,,
Sena Dias DineshJayasinghe,0,,,,
Lakshmi Fernando KumaraSenanayake,0,,,,
Perera Jayasinghe AnuraFernando,0,,,,
Chandana Bandara ChandanaGunasekara,0,,,,
Nuwan Rajapaksa RanjithKumara,0,,,,
Lakshmi Jayasinghe DineshPerera,0,,,,
Priya Weerasinghe SamarPathirana,0,,,,
Priya Rajapaksa KumaraJayasinghe,0,,,,
Ruwan Rathnayaka LakshmiWijesinghe,0,,,,
Perera Rajapaksa RuwanPerera,0,,,,
Kumara Jayasinghe ChandanaRanatunga,0,,,,
Ranjith Samarasinghe PereraFernando,0,,,,
Nalaka Rajapaksa RanjithGunasekara,0,,,,
Karuna Wijesinghe KarunaWeerasinghe,0,,,,
Chandana Rajapaksa TharangaRanatunga,0,,,,
Karuna Ratnayake NuwanRanatunga,0,,,,
Nalaka Fernando MaheshPerera,0,,,,
Ranjith Ratnayake DineshRathnayaka,0,,,,
Samar Dias PriyaJayasinghe,0,,,,
Dinesh Ekanayake NalakaDias,0,,,,
Gayan Perera RanjithBandara,0,,,,
Mahesh Jayawardena NuwanRajapaksa,0,,,,
Dinesh Kumara AnuraSamarasinghe,0,,,,
Lakshmi Bandara SamarSilva,0,,,,
Chandana Rajapaksa SamarRatnayake,0,,,,
Kumara Wijesinghe PereraJayawardena,0,,,,
Chandana Ratnayake AnuraWeerasinghe,0,,,,
Dinesh Silva AmaraBandara,0,,,,
Ranjith Senanayake SriRathnayaka,0,,,,
Sri Ranatunga SamarRajapaksa,0,,,,
Sunil Kumara SamarWijesinghe,0,,,,
Dinesh Dias SamarEkanayake,0,,,,
Anura Pathirana RuwanRajapaksa,0,,,,
Chandana Perera SunilRathnayaka,0,,,,
Anura Weerasinghe AmaraSenanayake,0,,,,
Ranjith Wijesinghe RanjithJayawardena,0,,,,
Mahesh Kumara DineshFernando,0,,,,
Sri Rathnayaka SunilRanatunga,0,,,,
Nuwan Gunasekara MaheshRathnayaka,0,,,,
Anura Samarasinghe ChandanaSilva,0,,,,
Mahesh Weerasinghe MaheshPerera,0,,,,
Tharanga Weerasinghe NalakaRajapaksa,0,,,,
Ranjith Dias RanjithWijesinghe,0,,,,
Nalaka Perera RanjithFernando,0,,,,
Nuwan Rathnayaka PereraJayasinghe,0,,,,
Gayan Jayawardena SenaEkanayake,0,,,,
Dinesh Silva KumaraWeerasinghe,0,,,,
Ranjith Rathnayaka SamarEkanayake,0,,,,
Mahesh Ratnayake KarunaDias,0,,,,
Mahesh Dias PereraSamarasinghe,0,,,,
Sri Kumara NuwanSenanayake,0,,,,
Nalaka Wijesinghe GayanGunasekara,0,,,,
Chandana Wijesinghe RanjithSilva,0,,,,
Gayan Abeysekera PriyaFernando,0,,,,
Mahesh Bandara AmaraSamarasinghe,0,,,,
Gayan Fernando TharangaKumara,0,,,,
Nalaka Pathirana KarunaKumara,0,,,,
Tharanga Bandara SamarSilva,0,,,,
Samar Samarasinghe LakshmiBandara,0,,,,
Nalaka Jayasinghe LakshmiBandara,0,,,,
Mahesh Ratnayake RanjithKumara,0,,,,
Ranjith Abeysekera RanjithWijesinghe,0,,,,
Ruwan Weerasinghe KumaraSilva,0,,,,
Samar Bandara GayanKumara,0,,,,
Perera Rajapaksa MaheshPerera,0,,,,
Gayan Rathnayaka PereraJayasinghe,0,,,,
Chandana Samarasinghe AnuraSamarasinghe,0,,,,
Nuwan Abeysekera AmaraWeerasinghe,0,,,,
Karuna Abeysekera MaheshWeerasinghe,0,,,,
Priya Jayawardena SunilSenanayake,0,,,,
Sri Jayasinghe SamarSenanayake,0,,,,
Priya Pathirana NuwanSamarasinghe,0,,,,
Karuna Jayawardena MaheshRajapaksa,0,,,,
Chandana Wijesinghe PriyaJayasinghe,0,,,,
Chandana Pathirana KumaraJayawardena,0,,,,
Dinesh Perera DineshRajapaksa,0,,,,
Perera Dias RuwanRathnayaka,0,,,,
Perera Silva ChandanaFernando,0,,,,
Sunil Silva NalakaKumara,0,,,,
Gayan Dias MaheshWeerasinghe,0,,,,
Priya Pathirana GayanAbeysekera,0,,,,
Dinesh Dias PereraFernando,0,,,,
Sunil Samarasinghe RanjithSenanayake,0,,,,
Chandana Silva PereraSilva,0,,,,
Karuna Abeysekera KarunaRajapaksa,0,,,,
Nuwan Pathirana DineshSilva,0,,,,
Priya Perera LakshmiJayasinghe,0,,,,
Samar Wijesinghe RanjithDias,0,,,,
Karuna Gunasekara DineshDias,0,,,,
Nalaka Bandara SriGunasekara,0,,,,
Chandana Dias DineshFernando,0,,,,
Karuna Senanayake NalakaRathnayaka,0,,,,
Kumara Pathirana LakshmiDias,0,,,,
Tharanga Samarasinghe SunilRanatunga,0,,,,
Sena Silva DineshRatnayake,0,,,,
Sri Bandara RanjithSamarasinghe,0,,,,
Karuna Ranatunga SamarJayasinghe,0,,,,
Ranjith Jayasinghe RuwanPerera,0,,,,
Sri Gunasekara GayanEkanayake,0,,,,
Ranjith Jayawardena GayanSamarasinghe,0,,,,
Sri Wijesinghe DineshGunasekara,0,,,,
Nuwan Wijesinghe TharangaFernando,0,,,,
Sri Fernando RuwanJayasinghe,0,,,,
Perera Kumara RanjithSamarasinghe,0,,,,
Samar Jayasinghe GayanPerera,0,,,,
Tharanga Jayawardena MaheshBandara,0,,,,
Ranjith Jayawardena SunilJayasinghe,0,,,,
Nalaka Jayawardena ChandanaJayawardena,0,,,,
Kumara Weerasinghe SenaRatnayake,0,,,,
Sri Abeysekera DineshAbeysekera,0,,,,
Anura Jayawardena SamarPerera,0,,,,
Samar Kumara PereraBandara,0,,,,
Karuna Fernando DineshWijesinghe,0,,,,
Gayan Ekanayake ChandanaSenanayake,0,,,,
Lakshmi Gunasekara SriEkanayake,0,,,,
Nuwan Rathnayaka NuwanAbeysekera,0,,,,
Ruwan Rajapaksa KumaraEkanayake,0,,,,
Sena Dias PriyaFernando,0,,,,
Sunil Jayasinghe KumaraDias,0,,,,
Gayan Ratnayake AnuraFernando,0,,,,
Kumara Perera SenaJayawardena,0,,,,
Ruwan Pathirana SunilRathnayaka,0,,,,
Priya Ekanayake MaheshSamarasinghe,0,,,,
Amara Fernando PereraSenanayake,0,,,,
Sri Abeysekera MaheshPathirana,0,,,,
Sena Abeysekera DineshRanatunga,0,,,,
Priya Jayawardena MaheshSilva,0,,,,
Nalaka Rajapaksa KumaraGunasekara,0,,,,
Kumara Pathirana AmaraJayawardena,0,,,,
Karuna Pathirana GayanJayasinghe,0,,,,
Sunil Jayawardena ChandanaRanatunga,0,,,,
Kumara Dias SamarPerera,0,,,,
Kumara Weerasinghe TharangaWeerasinghe,0,,,,
Anura Bandara NalakaJayawardena,0,,,,
Anura Silva TharangaWeerasinghe,0,,,,
Perera Bandara KarunaRathnayaka,0,,,,
Sena Ekanayake SriJayawardena,0,,,,
Amara Samarasinghe PriyaWijesinghe,0,,,,
Mahesh Senanayake RuwanSilva,0,,,,
Ranjith Samarasinghe SenaPathirana,0,,,,
Sena Jayawardena SenaPerera,0,,,,
Sena Jayawardena RanjithSenanayake,0,,,,
Priya Samarasinghe RanjithWeerasinghe,0,,,,
Sena Rajapaksa SamarRajapaksa,0,,,,
Samar Bandara TharangaEkanayake,0,,,,
Sunil Rajapaksa SunilJayawardena,0,,,,
Anura Fernando PereraBandara,0,,,,
Karuna Bandara RanjithSenanayake,0,,,,
Ranjith Kumara KarunaWijesinghe,0,,,,
Ruwan Ranatunga KumaraEkanayake,0,,,,
Dinesh Rathnayaka AnuraRathnayaka,0,,,,
Priya Jayawardena PereraWijesinghe,0,,,,
Samar Silva DineshPerera,0,,,,
Samar Senanayake PriyaSilva,0,,,,
Sri Pathirana RuwanBandara,0,,,,
Amara Perera PriyaPerera,0,,,,
Mahesh Weerasinghe ChandanaSilva,0,,,,
Kumara Kumara SenaWeerasinghe,0,,,,
Samar Ratnayake LakshmiJayawardena,0,,,,
Amara Rathnayaka RanjithSamarasinghe,0,,,,
Samar Rajapaksa MaheshPerera,0,,,,
Anura Perera KumaraPerera,0,,,,
Karuna Abeysekera NalakaSilva,0,,,,
Ranjith Bandara AmaraJayawardena,0,,,,
Ruwan Rathnayaka SriRathnayaka,0,,,,
Lakshmi Samarasinghe RanjithRathnayaka,0,,,,
Gayan Gunasekara TharangaGunasekara,0,,,,
Sri Dias SunilRanatunga,0,,,,
Sri Bandara TharangaRajapaksa,0,,,,
Ruwan Perera DineshPathirana,0,,,,
Lakshmi Silva GayanPerera,0,,,,
Tharanga Ekanayake SriRathnayaka,0,,,,
Sri Weerasinghe GayanRatnayake,0,,,,
Tharanga Jayasinghe ChandanaJayasinghe,0,,,,
Kumara Samarasinghe LakshmiJayawardena,0,,,,
Sunil Jayasinghe GayanRatnayake,0,,,,
Priya Abeysekera GayanBandara,0,,,,
Sri Gunasekara MaheshJayasinghe,0,,,,
Ranjith Perera PriyaRajapaksa,0,,,,
Lakshmi Jayasinghe SriPathirana,0,,,,
Amara Abeysekera SamarSamarasinghe,0,,,,
Ruwan Jayasinghe TharangaRajapaksa,0,,,,
Samar Wijesinghe DineshDias,0,,,,
Dinesh Gunasekara KarunaSamarasinghe,0,,,,
Tharanga Abeysekera LakshmiPathirana,0,,,,
Karuna Pathirana AmaraFernando,0,,,,
Ruwan Senanayake NalakaFernando,0,,,,
Nalaka Jayawardena LakshmiSamarasinghe,0,,,,
Tharanga Senanayake PereraGunasekara,0,,,,
Ranjith Jayawardena SenaKumara,0,,,,
Chandana Wijesinghe RanjithWijesinghe,0,,,,
Sena Gunasekara RanjithGunasekara,0,,,,
Anura Gunasekara SriRatnayake,0,,,,
Anura Pathirana KarunaBandara,0,,,,
Nalaka Jayasinghe PriyaJayawardena,0,,,,
Kumara Fernando PereraWijesinghe,0,,,,
Sena Ranatunga GayanRatnayake,0,,,,
Tharanga Abeysekera SenaFernando,0,,,,
Gayan Jayawardena SunilAbeysekera,0,,,,
Tharanga Jayawardena RanjithWijesinghe,0,,,,
Dinesh Pathirana DineshSamarasinghe,0,,,,
Sunil Senanayake RanjithRatnayake,0,,,,
Karuna Weerasinghe GayanRajapaksa,0,,,,
Anura Kumara DineshFernando,0,,,,
Priya Ratnayake TharangaRathnayaka,0,,,,
Nalaka Silva RanjithSamarasinghe,0,,,,
Sena Rajapaksa PriyaGunasekara,0,,,,
Amara Ranatunga MaheshSenanayake,0,,,,
Sunil Rathnayaka LakshmiRatnayake,0,,,,
Nalaka Bandara GayanRajapaksa,0,,,,
Ranjith Perera ChandanaWijesinghe,0,,,,
Chandana Bandara NuwanFernando,0,,,,
Sunil Silva RuwanFernando,0,,,,
Priya Ekanayake AnuraAbeysekera,0,,,,
Amara Ekanayake GayanBandara,0,,,,
Amara Bandara GayanJayawardena,0,,,,
Nuwan Bandara NalakaRanatunga,0,,,,
Anura Jayasinghe SunilBandara,0,,,,
Nuwan Dias NuwanKumara,0,,,,
Tharanga Rajapaksa NuwanBandara,0,,,,
Karuna Rajapaksa KarunaBandara,0,,,,
Nalaka Abeysekera PriyaRatnayake,0,,,,
Sri Ekanayake KarunaFernando,0,,,,
Ranjith Fernando SriKumara,0,,,,
Samar Silva MaheshEkanayake,0,,,,
Ruwan Kumara SenaKumara,0,,,,
Nuwan Ekanayake KarunaSamarasinghe,0,,,,
Sena Abeysekera PriyaDias,0,,,,
Nalaka Jayawardena TharangaDias,0,,,,
Samar Ratnayake SunilFernando,0,,,,
Anura Jayawardena LakshmiDias,0,,,,
Dinesh Ratnayake MaheshRanatunga,0,,,,
Kumara Ranatunga NuwanDias,0,,,,
Dinesh Pathirana RanjithRanatunga,0,,,,
Ranjith Silva GayanRanatunga,0,,,,
Tharanga Pathirana GayanWeerasinghe,0,,,,
Karuna Ratnayake GayanRanatunga,0,,,,
Chandana Bandara MaheshWijesinghe,0,,,,
Lakshmi Ranatunga KarunaDias,0,,,,
Karuna Rajapaksa SenaGunasekara,0,,,,
Sunil Jayasinghe AmaraSenanayake,0,,,,
Gayan Ratnayake RuwanDias,0,,,,
Sunil Silva LakshmiSilva,0,,,,
Lakshmi Rajapaksa TharangaSilva,0,,,,
Gayan Ekanayake SriJayawardena,0,,,,
Anura Wijesinghe NuwanRathnayaka,0,,,,
Sunil Wijesinghe KumaraPerera,0,,,,
Amara Rajapaksa LakshmiPathirana,0,,,,
Amara Abeysekera LakshmiBandara,0,,,,
Samar Weerasinghe TharangaSamarasinghe,0,,,,
Tharanga Bandara GayanSenanayake,0,,,,
Kumara Silva TharangaBandara,0,,,,
Tharanga Jayawardena SunilJayawardena,0,,,,
Mahesh Silva NuwanRathnayaka,0,,,,
Ruwan Pathirana ChandanaJayasinghe,0,,,,
Ranjith Rathnayaka AmaraRathnayaka,0,,,,
Perera Jayasinghe SriRathnayaka,0,,,,
Nuwan Bandara PriyaPathirana,0,,,,
Amara Rajapaksa KumaraRatnayake,0,,,,
Kumara Dias AmaraFernando,0,,,,
Dinesh Samarasinghe AnuraDias,0,,,,
Sena Ekanayake AnuraJayawardena,0,,,,
Priya Ratnayake TharangaJayawardena,0,,,,
Nuwan Ekanayake ChandanaJayawardena,0,,,,
Ranjith Kumara SunilGunasekara,0,,,,
Karuna Senanayake AnuraSilva,0,,,,
Sri Ekanayake TharangaPerera,0,,,,
Sena Dias NuwanDias,0,,,,
Chandana Dias PereraJayasinghe,0,,,,
Nuwan Rathnayaka NalakaWijesinghe,0,,,,
Chandana Dias NuwanWeerasinghe,0,,,,
Sunil Weerasinghe NalakaJayasinghe,0,,,,
Amara Ekanayake SenaRatnayake,0,,,,
Priya Wijesinghe RanjithFernando,0,,,,
Ranjith Samarasinghe PereraSilva,0,,,,
Nalaka Senanayake ChandanaRajapaksa,0,,,,
Nuwan Rathnayaka LakshmiPerera,0,,,,
Lakshmi Kumara SunilGunasekara,0,,,,
Dinesh Perera SamarRatnayake,0,,,,
Perera Senanayake SriJayawardena,0,,,,
Kumara Senanayake NalakaSenanayake,0,,,,
Sri Bandara RuwanRatnayake,0,,,,
Ranjith Senanayake SriFernando,0,,,,
Sunil Weerasinghe KumaraRajapaksa,0,,,,
Amara Senanayake SenaSenanayake,0,,,,
Sena Ranatunga AmaraKumara,0,,,,
Gayan Rajapaksa PriyaGunasekara,0,,,,
Samar Ratnayake ChandanaPerera,0,,,,
Sri Jayawardena SamarJayasinghe,0,,,,
Amara Abeysekera SamarFernando,0,,,,
Perera Senanayake SamarWeerasinghe,0,,,,
Karuna Weerasinghe RuwanKumara,0,,,,
Nalaka Bandara DineshJayasinghe,0,,,,
Sena Kumara TharangaPerera,0,,,,
Ruwan Rathnayaka KarunaFernando,0,,,,
Perera Jayasinghe RuwanWijesinghe,0,,,,
Sri Bandara GayanPathirana,0,,,,
Mahesh Perera NuwanPerera,0,,,,
Lakshmi Fernando NuwanJayasinghe,0,,,,
Karuna Ranatunga DineshSenanayake,0,,,,
Nuwan Senanayake PriyaPathirana,0,,,,
Kumara Ekanayake NuwanGunasekara,0,,,,
Anura Rathnayaka MaheshWeerasinghe,0,,,,
Sena Jayawardena SunilWijesinghe,0,,,,
Ruwan Weerasinghe PereraSenanayake,0,,,,
Ruwan Kumara NalakaJayasinghe,0,,,,
Nuwan Ratnayake SamarSamarasinghe,0,,,,
Perera Rathnayaka AnuraBandara,0,,,,
Sri Senanayake SunilRanatunga,0,,,,
Karuna Gunasekara KarunaFernando,0,,,,
Nalaka Pathirana RanjithBandara,0,,,,
Mahesh Fernando RanjithRajapaksa,0,,,,
Sunil Ekanayake SunilDias,0,,,,
Kumara Kumara ChandanaFernando,0,,,,
Sena Kumara MaheshRanatunga,0,,,,
Mahesh Perera AnuraDias,0,,,,
Nuwan Rathnayaka SenaDias,0,,,,
Ruwan Dias KarunaBandara,0,,,,
Tharanga Gunasekara SunilRatnayake,0,,,,
Dinesh Jayawardena DineshSenanayake,0,,,,
Amara Jayasinghe LakshmiJayawardena,0,,,,
Ranjith Rathnayaka DineshRajapaksa,0,,,,
Perera Senanayake NalakaKumara,0,,,,
Sri Wijesinghe NuwanPathirana,0,,,,
Chandana Weerasinghe RanjithJayasinghe,0,,,,
Priya Pathirana RuwanKumara,0,,,,
Perera Dias SunilFernando,0,,,,
Lakshmi Weerasinghe SamarWeerasinghe,0,,,,
Dinesh Kumara GayanAbeysekera,0,,,,
Dinesh Ratnayake GayanEkanayake,0,,,,
Sena Pathirana MaheshJayasinghe,0,,,,
Nuwan Senanayake SunilKumara,0,,,,
Sri Ratnayake PriyaAbeysekera,0,,,,
Mahesh Wijesinghe TharangaKumara,0,,,,
Gayan Weerasinghe MaheshEkanayake,0,,,,
Nalaka Kumara NalakaKumara,0,,,,
Sunil Perera SenaSamarasinghe,0,,,,
Dinesh Wijesinghe SenaSamarasinghe,0,,,,
Gayan Samarasinghe AmaraRajapaksa,0,,,,
Priya Jayawardena KarunaSenanayake,0,,,,
Nuwan Wijesinghe PereraWijesinghe,0,,,,
Lakshmi Bandara DineshRathnayaka,0,,,,
Sri Senanayake PriyaRanatunga,0,,,,
Ruwan Samarasinghe DineshSilva,0,,,,
Gayan Silva SriJayawardena,0,,,,
Nuwan Jayawardena SamarEkanayake,0,,,,
Dinesh Kumara ChandanaSamarasinghe,0,,,,
Nuwan Weerasinghe SunilJayawardena,0,,,,
Nuwan Kumara ChandanaPathirana,0,,,,
Perera Ekanayake SunilBandara,0,,,,
Priya Gunasekara PriyaJayawardena,0,,,,
Nuwan Jayawardena SenaSenanayake,0,,,,
Mahesh Abeysekera KarunaRajapaksa,0,,,,
Ranjith Bandara LakshmiFernando,0,,,,
Sena Ekanayake RanjithPathirana,0,,,,
Sri Ratnayake MaheshFernando,0,,,,
Sunil Fernando NalakaRajapaksa,0,,,,
Ranjith Abeysekera NalakaWeerasinghe,0,,,,
Samar Silva LakshmiWijesinghe,0,,,,
Gayan Rajapaksa SenaFernando,0,,,,
Dinesh Gunasekara NuwanRatnayake,0,,,,
Perera Ranatunga DineshWeerasinghe,0,,,,
Kumara Wijesinghe RanjithPerera,0,,,,
Nuwan Fernando KumaraRanatunga,0,,,,
Sri Jayasinghe GayanRanatunga,0,,,,
Sri Pathirana AnuraJayasinghe,0,,,,
Perera Ratnayake LakshmiRajapaksa,0,,,,
Anura Wijesinghe NuwanRajapaksa,0,,,,
Sunil Samarasinghe TharangaSenanayake,0,,,,
Ruwan Samarasinghe DineshJayawardena,0,,,,
Kumara Ratnayake KumaraAbeysekera,0,,,,
Ranjith Pathirana GayanKumara,0,,,,
Mahesh Weerasinghe KumaraPathirana,0,,,,
Perera Jayawardena PereraJayawardena,0,,,,
Gayan Kumara DineshDias,0,,,,
Dinesh Ranatunga KumaraEkanayake,0,,,,
Ranjith Jayasinghe AnuraPerera,0,,,,
Chandana Gunasekara GayanJayasinghe,0,,,,
Sunil Rathnayaka GayanRajapaksa,0,,,,
Ranjith Pathirana AmaraRatnayake,0,,,,
Dinesh Perera AnuraDias,0,,,,
Perera Senanayake KumaraEkanayake,0,,,,
Ranjith Wijesinghe NalakaSamarasinghe,0,,,,
Gayan Perera DineshGunasekara,0,,,,
Nalaka Samarasinghe GayanWijesinghe,0,,,,
Karuna Gunasekara RuwanSenanayake,0,,,,
Ruwan Kumara NuwanKumara,0,,,,
Mahesh Ratnayake LakshmiEkanayake,0,,,,
Nalaka Samarasinghe PereraRathnayaka,0,,,,
Lakshmi Senanayake PriyaRatnayake,0,,,,
Kumara Rajapaksa AnuraBandara,0,,,,
Anura Ranatunga LakshmiPathirana,0,,,,
Perera Silva GayanSamarasinghe,0,,,,
Chandana Ranatunga SriPathirana,0,,,,
Karuna Wijesinghe SenaWeerasinghe,0,,,,
Ruwan Jayawardena AnuraJayasinghe,0,,,,
Tharanga Ratnayake AmaraPathirana,0,,,,
Ranjith Abeysekera KumaraRathnayaka,0,,,,
Kumara Rajapaksa DineshWeerasinghe,0,,,,
Amara Gunasekara SamarGunasekara,0,,,,
Amara Rathnayaka SunilFernando,0,,,,
Samar Ratnayake KarunaBandara,0,,,,
Ruwan Jayasinghe SunilKumara,0,,,,
Priya Ratnayake NalakaJayasinghe,0,,,,
Sunil Jayasinghe LakshmiPerera,0,,,,
Sunil Gunasekara ChandanaSamarasinghe,0,,,,
Dinesh Weerasinghe SunilBandara,0,,,,
Priya Ranatunga NuwanEkanayake,0,,,,
Ruwan Ratnayake SriKumara,0,,,,
Sunil Ranatunga PriyaFernando,0,,,,
Kumara Fernando LakshmiFernando,0,,,,
Ranjith Pathirana RuwanSamarasinghe,0,,,,
Gayan Jayasinghe KumaraJayasinghe,0,,,,
Kumara Gunasekara SenaEkanayake,0,,,,
Anura Fernando ChandanaDias,0,,,,
Samar Samarasinghe LakshmiSenanayake,0,,,,
Nalaka Dias PereraPerera,0,,,,
Sunil Ranatunga MaheshSilva,0,,,,
Mahesh Ekanayake AmaraJayasinghe,0,,,,
Amara Dias PereraPerera,0,,,,
Lakshmi Perera DineshRanatunga,0,,,,
Amara Abeysekera GayanPerera,0,,,,
Perera Abeysekera PriyaKumara,0,,,,
Sunil Gunasekara PriyaGunasekara,0,,,,
Nuwan Gunasekara KumaraPathirana,0,,,,
Ruwan Samarasinghe PereraRanatunga,0,,,,
Dinesh Wijesinghe KarunaRatnayake,0,,,,
Anura Jayawardena RuwanAbeysekera,0,,,,
Lakshmi Bandara PriyaWeerasinghe,0,,,,
Nalaka Weerasinghe NalakaPerera,0,,,,
Anura Bandara PereraWeerasinghe,0,,,,
Ruwan Abeysekera KarunaJayawardena,0,,,,
Nalaka Fernando KarunaFernando,0,,,,
Kumara Kumara GayanRatnayake,0,,,,
Amara Bandara DineshAbeysekera,0,,,,
Ranjith Perera PereraDias,0,,,,
Ranjith Jayasinghe MaheshRatnayake,0,,,,
Nalaka Ratnayake RuwanPerera,0,,,,
Ranjith Ekanayake DineshAbeysekera,0,,,,
Mahesh Weerasinghe SenaPathirana,0,,,,
Kumara Dias KumaraSamarasinghe,0,,,,
Sri Jayasinghe LakshmiJayawardena,0,,,,
Nalaka Senanayake MaheshJayasinghe,0,,,,
Tharanga Bandara SenaFernando,0,,,,
Anura Samarasinghe SamarWijesinghe,0,,,,
Sena Weerasinghe PereraPathirana,0,,,,
Kumara Gunasekara PereraJayasinghe,0,,,,
Perera Ranatunga NuwanBandara,0,,,,
Chandana Ranatunga SenaGunasekara,0,,,,
Ranjith Weerasinghe PereraRajapaksa,0,,,,
Sunil Bandara RuwanPathirana,0,,,,
Amara Ratnayake TharangaWijesinghe,0,,,,
Nalaka Ratnayake RanjithPerera,0,,,,
Nuwan Jayawardena ChandanaBandara,0,,,,
Mahesh Rathnayaka RanjithPerera,0,,,,
Perera Ratnayake MaheshJayawardena,0,,,,
Mahesh Wijesinghe SriWijesinghe,0,,,,
Sunil Bandara TharangaJayasinghe,0,,,,
Amara Jayawardena NalakaJayasinghe,0,,,,
Dinesh Bandara PriyaRanatunga,0,,,,
Nuwan Senanayake RanjithRathnayaka,0,,,,
Amara Fernando ChandanaJayasinghe,0,,,,
Anura Gunasekara TharangaPerera,0,,,,
Tharanga Perera GayanRajapaksa,0,,,,
Lakshmi Rajapaksa SamarSilva,0,,,,
Nalaka Ranatunga ChandanaSenanayake,0,,,,
Lakshmi Ekanayake RuwanBandara,0,,,,
Ranjith Ranatunga TharangaGunasekara,0,,,,
Mahesh Bandara AmaraEkanayake,0,,,,
Tharanga Rajapaksa PriyaKumara,0,,,,
Mahesh Samarasinghe DineshSamarasinghe,0,,,,
Nalaka Jayasinghe SamarBandara,0,,,,
Gayan Gunasekara RanjithPerera,0,,,,
Ranjith Bandara AmaraSilva,0,,,,
Ruwan Perera GayanRajapaksa,0,,,,
Nalaka Silva SenaPerera,0,,,,
Karuna Perera MaheshSamarasinghe,0,,,,
Chandana Jayasinghe SamarRanatunga,0,,,,
Gayan Senanayake DineshEkanayake,0,,,,
Nuwan Ekanayake AmaraSamarasinghe,0,,,,
Karuna Kumara TharangaGunasekara,0,,,,
Nalaka Jayawardena SriDias,0,,,,
Dinesh Ratnayake DineshAbeysekera,0,,,,
Sunil Samarasinghe SamarDias,0,,,,
Sunil Ekanayake ChandanaPathirana,0,,,,
Chandana Abeysekera PereraGunasekara,0,,,,
Dinesh Ranatunga ChandanaKumara,0,,,,
Nalaka Kumara NalakaBandara,0,,,,
Kumara Rajapaksa GayanWijesinghe,0,,,,
Sunil Perera RuwanRajapaksa,0,,,,
Sri Perera SunilRajapaksa,0,,,,
Priya Bandara SunilAbeysekera,0,,,,
Priya Samarasinghe NalakaRajapaksa,0,,,,
Karuna Wijesinghe TharangaGunasekara,0,,,,
Nalaka Abeysekera NalakaSilva,0,,,,
Sunil Senanayake SenaSilva,0,,,,
Gayan Rathnayaka GayanRathnayaka,0,,,,
Kumara Jayawardena MaheshSilva,0,,,,
Ranjith Ratnayake SunilWijesinghe,0,,,,
Nuwan Perera AnuraPerera,0,,,,
Chandana Silva RanjithKumara,0,,,,
Sena Silva SriJayawardena,0,,,,
Nuwan Jayawardena SriRanatunga,0,,,,
Anura Perera RanjithRatnayake,0,,,,
Amara Rathnayaka NuwanRanatunga,0,,,,
Nalaka Ratnayake KarunaPerera,0,,,,
Gayan Gunasekara LakshmiJayawardena,0,,,,
Nuwan Senanayake RuwanEkanayake,0,,,,
Priya Wijesinghe ChandanaAbeysekera,0,,,,
Kumara Weerasinghe RanjithRathnayaka,0,,,,
Priya Samarasinghe NuwanRajapaksa,0,,,,
Dinesh Bandara MaheshFernando,0,,,,
Chandana Silva PereraGunasekara,0,,,,
Amara Ekanayake DineshRatnayake,0,,,,
Lakshmi Ekanayake DineshWeerasinghe,0,,,,
Nalaka Kumara PriyaFernando,0,,,,
Sri Silva RanjithSilva,0,,,,
Priya Wijesinghe ChandanaDias,0,,,,
Nalaka Dias RanjithGunasekara,0,,,,
Lakshmi Ranatunga SamarEkanayake,0,,,,
Sri Weerasinghe PriyaGunasekara,0,,,,
Priya Ekanayake SamarPathirana,0,,,,
Nuwan Silva SenaJayasinghe,0,,,,
Mahesh Rathnayaka AnuraAbeysekera,0,,,,
Dinesh Ranatunga NalakaRathnayaka,0,,,,
Dinesh Gunasekara AnuraSamarasinghe,0,,,,
Dinesh Gunasekara ChandanaSenanayake,0,,,,
Sunil Kumara AnuraJayasinghe,0,,,,
Kumara Senanayake RanjithSenanayake,0,,,,
Kumara Kumara NalakaRatnayake,0,,,,
Chandana Fernando KumaraJayawardena,0,,,,
Sunil Silva RuwanAbeysekera,0,,,,
Nuwan Gunasekara PriyaRanatunga,0,,,,
Sri Jayawardena DineshGunasekara,0,,,,
Nalaka Weerasinghe MaheshPerera,0,,,,
Ranjith Kumara DineshKumara,0,,,,
Ruwan Wijesinghe SunilPerera,0,,,,
Sri Wijesinghe LakshmiJayasinghe,0,,,,
Perera Jayasinghe SenaAbeysekera,0,,,,
Chandana Weerasinghe DineshFernando,0,,,,
Samar Samarasinghe KarunaSenanayake,0,,,,
Ranjith Fernando TharangaAbeysekera,0,,,,
Gayan Jayasinghe NalakaWeerasinghe,0,,,,
Ranjith Samarasinghe NuwanBandara,0,,,,
Nalaka Weerasinghe RanjithPathirana,0,,,,
Ranjith Kumara PriyaRajapaksa,0,,,,
Tharanga Ekanayake GayanRanatunga,0,,,,
Lakshmi Rathnayaka SenaWijesinghe,0,,,,
Anura Abeysekera SamarKumara,0,,,,
Nalaka Wijesinghe TharangaPathirana,0,,,,
Lakshmi Ekanayake KumaraPerera,0,,,,
Chandana Weerasinghe RanjithPerera,0,,,,
Gayan Fernando KumaraPathirana,0,,,,
Tharanga Bandara LakshmiEkanayake,0,,,,
Sena Rajapaksa PriyaDias,0,,,,
Tharanga Jayawardena KarunaWeerasinghe,0,,,,
Gayan Ranatunga SamarSenanayake,0,,,,
Samar Ratnayake PereraFernando,0,,,,
Dinesh Wijesinghe SenaAbeysekera,0,,,,
Mahesh Pathirana KumaraPathirana,0,,,,
Ranjith Samarasinghe PriyaRathnayaka,0,,,,
Ruwan Wijesinghe AmaraAbeysekera,0,,,,
Ranjith Pathirana SenaPathirana,0,,,,
Sunil Senanayake PriyaRanatunga,0,,,,
Samar Fernando RuwanPathirana,0,,,,
Perera Rathnayaka PereraRajapaksa,0,,,,
Kumara Bandara NuwanKumara,0,,,,
Gayan Weerasinghe DineshAbeysekera,0,,,,
Anura Ranatunga ChandanaBandara,0,,,,
Tharanga Kumara AnuraSenanayake,0,,,,
Anura Senanayake KarunaEkanayake,0,,,,
Sena Abeysekera PereraBandara,0,,,,
Priya Bandara NuwanJayasinghe,0,,,,
Ranjith Jayawardena AnuraBandara,0,,,,
Priya Fernando SamarRatnayake,0,,,,
Sri Rajapaksa PereraSilva,0,,,,
Sena Senanayake LakshmiRathnayaka,0,,,,
Ruwan Samarasinghe KarunaBandara,0,,,,
Tharanga Dias TharangaRajapaksa,0,,,,
Sri Senanayake PereraWijesinghe,0,,,,
Dinesh Ratnayake GayanWijesinghe,0,,,,
Sunil Samarasinghe SenaSilva,0,,,,
Dinesh Ekanayake LakshmiFernando,0,,,,
Nalaka Pathirana NuwanSamarasinghe,0,,,,
Sena Rathnayaka NuwanFernando,0,,,,
Sunil Jayawardena TharangaRathnayaka,0,,,,
Gayan Kumara TharangaRanatunga,0,,,,
Dinesh Senanayake SenaWijesinghe,0,,,,
Sri Samarasinghe NalakaJayasinghe,0,,,,
Amara Bandara SunilRanatunga,0,,,,
Anura Bandara KarunaSamarasinghe,0,,,,
Kumara Weerasinghe AmaraJayasinghe,0,,,,
Kumara Rajapaksa NuwanRanatunga,0,,,,
Tharanga Kumara PriyaSenanayake,0,,,,
Perera Dias GayanWijesinghe,0,,,,
Karuna Perera SamarJayasinghe,0,,,,
Sena Samarasinghe RuwanAbeysekera,0,,,,
Ruwan Ranatunga RanjithGunasekara,0,,,,
Sunil Ekanayake PriyaPathirana,0,,,,
Lakshmi Senanayake NalakaWijesinghe,0,,,,
Samar Samarasinghe LakshmiRatnayake,0,,,,
Nalaka Jayasinghe PereraSamarasinghe,0,,,,
Gayan Fernando GayanKumara,0,,,,
Amara Ekanayake RuwanPerera,0,,,,
Priya Bandara LakshmiGunasekara,0,,,,
Gayan Pathirana NalakaSilva,0,,,,
Perera Rathnayaka DineshDias,0,,,,
Nuwan Weerasinghe PereraWeerasinghe,0,,,,
Amara Fernando KumaraJayasinghe,0,,,,
Priya Rathnayaka DineshRatnayake,0,,,,
Karuna Wijesinghe LakshmiKumara,0,,,,
Lakshmi Ratnayake RuwanJayasinghe,0,,,,
Dinesh Bandara DineshAbeysekera,0,,,,
Nuwan Samarasinghe RanjithDias,0,,,,
Sri Ratnayake KumaraFernando,0,,,,
Tharanga Pathirana MaheshJayawardena,0,,,,
Samar Senanayake RanjithGunasekara,0,,,,
Nuwan Ratnayake ChandanaRathnayaka,0,,,,
Gayan Bandara RanjithPerera,0,,,,
Sri Wijesinghe KarunaSamarasinghe,0,,,,
Ruwan Gunasekara SamarPathirana,0,,,,
Priya Senanayake PriyaWijesinghe,0,,,,
Karuna Pathirana SenaSilva,0,,,,
Anura Pathirana SenaSilva,0,,,,
Ruwan Dias KumaraJayasinghe,0,,,,
Dinesh Weerasinghe PereraSenanayake,0,,,,
Sunil Ekanayake NalakaSamarasinghe,0,,,,
Karuna Jayawardena SriRathnayaka,0,,,,
Ranjith Rajapaksa SriSamarasinghe,0,,,,
Priya Weerasinghe ChandanaEkanayake,0,,,,
Sri Rajapaksa ChandanaSenanayake,0,,,,
Mahesh Jayawardena TharangaSamarasinghe,0,,,,
Ruwan Pathirana KumaraJayawardena,0,,,,
Sri Perera PriyaSenanayake,0,,,,
Ranjith Ekanayake SamarJayawardena,0,,,,
Ranjith Ranatunga PriyaSenanayake,0,,,,
Ruwan Perera LakshmiRathnayaka,0,,,,
Lakshmi Rathnayaka SriRajapaksa,0,,,,
Anura Gunasekara NalakaPathirana,0,,,,
Ruwan Kumara PereraEkanayake,0,,,,
Ruwan Pathirana LakshmiWijesinghe,0,,,,
Samar Perera DineshJayasinghe,0,,,,
Ranjith Jayawardena TharangaDias,0,,,,
Lakshmi Jayawardena PereraPerera,0,,,,
Lakshmi Rajapaksa TharangaWeerasinghe,0,,,,
Sunil Samarasinghe PriyaFernando,0,,,,
Lakshmi Senanayake SriFernando,0,,,,
Sunil Ratnayake RuwanRanatunga,0,,,,
Mahesh Rathnayaka RanjithSenanayake,0,,,,
Perera Samarasinghe LakshmiBandara,0,,,,
Chandana Dias RuwanPerera,0,,,,
Sena Jayawardena RanjithPerera,0,,,,
Chandana Gunasekara PriyaPerera,0,,,,
Gayan Dias SenaBandara,0,,,,
Sena Rathnayaka GayanJayasinghe,0,,,,
Karuna Bandara RuwanRathnayaka,0,,,,
Ranjith Gunasekara AnuraJayasinghe,0,,,,
Amara Dias MaheshWijesinghe,0,,,,
Priya Ranatunga DineshAbeysekera,0,,,,
Gayan Rathnayaka MaheshJayawardena,0,,,,
Sri Silva RuwanWeerasinghe,0,,,,
Ranjith Dias GayanPathirana,0,,,,
Kumara Silva RanjithWijesinghe,0,,,,
Samar Bandara SriGunasekara,0,,,,
Karuna Weerasinghe NalakaSenanayake,0,,,,
Sena Pathirana DineshJayasinghe,0,,,,
Mahesh Jayasinghe LakshmiBandara,0,,,,
Gayan Ranatunga AnuraRatnayake,0,,,,
Samar Fernando NalakaEkanayake,0,,,,
Mahesh Abeysekera MaheshJayawardena,0,,,,
Dinesh Samarasinghe PriyaRathnayaka,0,,,,
Perera Pathirana SamarRajapaksa,0,,,,
Priya Gunasekara PereraGunasekara,0,,,,
Nalaka Fernando RanjithWeerasinghe,0,,,,
Sri Silva TharangaAbeysekera,0,,,,
Perera Ranatunga NuwanSamarasinghe,0,,,,
Karuna Rajapaksa PereraJayasinghe,0,,,,
Chandana Wijesinghe NalakaWeerasinghe,0,,,,
Nuwan Samarasinghe AnuraFernando,0,,,,
Sri Perera RuwanJayasinghe,0,,,,
Mahesh Pathirana SenaRajapaksa,0,,,,
Ranjith Bandara SunilRajapaksa,0,,,,
Amara Perera NuwanJayawardena,0,,,,
Priya Jayasinghe PereraRathnayaka,0,,,,
Nuwan Ekanayake AnuraSenanayake,0,,,,
Lakshmi Abeysekera DineshSilva,0,,,,
Ruwan Ratnayake NuwanWeerasinghe,0,,,,
Gayan Pathirana NuwanSenanayake,0,,,,
Karuna Dias KarunaFernando,0,,,,
Karuna Jayawardena AnuraRatnayake,0,,,,
Tharanga Weerasinghe SunilPerera,0,,,,
Priya Pathirana TharangaRanatunga,0,,,,
Lakshmi Samarasinghe SriBandara,0,,,,
Sena Kumara KumaraFernando,0,,,,
Kumara Dias GayanSenanayake,0,,,,
Dinesh Rathnayaka ChandanaAbeysekera,0,,,,
Dinesh Rathnayaka RanjithGunasekara,0,,,,
Nalaka Ranatunga SunilJayasinghe,0,,,,
Sri Gunasekara RanjithBandara,0,,,,
Anura Senanayake AmaraJayasinghe,0,,,,
Kumara Abeysekera SenaWeerasinghe,0,,,,
Sri Kumara SenaWijesinghe,0,,,,
Gayan Gunasekara GayanWeerasinghe,0,,,,
Nuwan Bandara AnuraGunasekara,0,,,,
Nuwan Rajapaksa DineshSilva,0,,,,
Sunil Perera AnuraBandara,0,,,,
Kumara Ekanayake KumaraJayasinghe,0,,,,
Tharanga Bandara KumaraGunasekara,0,,,,
Ranjith Perera DineshJayawardena,0,,,,
Anura Ekanayake AmaraRajapaksa,0,,,,
Mahesh Senanayake RuwanJayasinghe,0,,,,
Sri Silva PriyaFernando,0,,,,
Samar Ekanayake TharangaDias,0,,,,
Dinesh Ranatunga PriyaRanatunga,0,,,,
Dinesh Bandara AmaraPerera,0,,,,
Nuwan Wijesinghe KumaraEkanayake,0,,,,
Perera Ranatunga SunilSenanayake,0,,,,
Karuna Dias SriKumara,0,,,,
Ranjith Ekanayake NalakaJayasinghe,0,,,,
Nalaka Perera PriyaSamarasinghe,0,,,,
Anura Dias RuwanKumara,0,,,,
Ranjith Silva PriyaKumara,0,,,,
Ruwan Gunasekara SenaPathirana,0,,,,
Sri Ratnayake GayanWeerasinghe,0,,,,
Ruwan Perera KarunaWeerasinghe,0,,,,
Anura Samarasinghe LakshmiRanatunga,0,,,,
Samar Fernando NuwanSamarasinghe,0,,,,
Samar Dias TharangaPathirana,0,,,,
Sunil Rajapaksa SriSilva,0,,,,
Dinesh Fernando RuwanWeerasinghe,0,,,,
Ranjith Wijesinghe ChandanaDias,0,,,,
Ranjith Fernando NuwanPathirana,0,,,,
Chandana Rathnayaka SenaJayawardena,0,,,,
Tharanga Pathirana SenaPerera,0,,,,
Nuwan Kumara SamarJayawardena,0,,,,
Sunil Ratnayake SriAbeysekera,0,,,,
Ranjith Wijesinghe SunilRajapaksa,0,,,,
Chandana Kumara PriyaWeerasinghe,0,,,,
Tharanga Wijesinghe PriyaDias,0,,,,
Nuwan Perera PriyaRatnayake,0,,,,
Dinesh Ekanayake PereraRajapaksa,0,,,,
Tharanga Samarasinghe KarunaAbeysekera,0,,,,
Mahesh Jayasinghe NuwanWijesinghe,0,,,,
Sena Senanayake TharangaRajapaksa,0,,,,
Lakshmi Silva AnuraSenanayake,0,,,,
Sri Rathnayaka ChandanaAbeysekera,0,,,,
Nalaka Rajapaksa GayanRanatunga,0,,,,
Ruwan Rathnayaka NuwanPathirana,0,,,,
Ruwan Rathnayaka SriRatnayake,0,,,,
Lakshmi Ranatunga KarunaGunasekara,0,,,,
Nuwan Bandara TharangaAbeysekera,0,,,,
Ruwan Weerasinghe DineshAbeysekera,0,,,,
Sunil Jayasinghe GayanSenanayake,0,,,,
Karuna Rathnayaka NuwanSenanayake,0,,,,
Ruwan Rathnayaka PereraRajapaksa,0,,,,
Gayan Kumara TharangaBandara,0,,,,
Sri Jayawardena KumaraJayawardena,0,,,,
Priya Perera GayanWeerasinghe,0,,,,
Ruwan Rajapaksa DineshRajapaksa,0,,,,
Gayan Wijesinghe NalakaSamarasinghe,0,,,,
Dinesh Rajapaksa MaheshBandara,0,,,,
Nalaka Fernando LakshmiDias,0,,,,
Gayan Ekanayake KarunaWeerasinghe,0,,,,
Perera Rathnayaka SriKumara,0,,,,
Gayan Silva RuwanFernando,0,,,,
Ruwan Jayasinghe SriWijesinghe,0,,,,
Samar Weerasinghe GayanPerera,0,,,,
Perera Wijesinghe GayanRanatunga,0,,,,
Karuna Perera NuwanJayasinghe,0,,,,
Perera Gunasekara KumaraPerera,0,,,,
Karuna Wijesinghe DineshDias,0,,,,
Priya Rajapaksa RanjithPerera,0,,,,
Nalaka Bandara NuwanSilva,0,,,,
Karuna Fernando KarunaWeerasinghe,0,,,,
Karuna Silva KarunaKumara,0,,,,
Gayan Bandara RuwanRajapaksa,0,,,,
Lakshmi Ekanayake SenaRanatunga,0,,,,
Lakshmi Rajapaksa RuwanAbeysekera,0,,,,
Dinesh Ranatunga SamarWijesinghe,0,,,,
Gayan Samarasinghe KarunaRathnayaka,0,,,,
Mahesh Weerasinghe NuwanGunasekara,0,,,,
Dinesh Ekanayake PriyaSilva,0,,,,
Karuna Senanayake RuwanJayasinghe,0,,,,
Nalaka Samarasinghe LakshmiAbeysekera,0,,,,
Nalaka Silva GayanDias,0,,,,
Ruwan Jayasinghe DineshWijesinghe,0,,,,
Perera Rajapaksa SenaWijesinghe,0,,,,
Mahesh Bandara SriJayasinghe,0,,,,
Anura Pathirana NuwanDias,0,,,,
Sri Jayawardena SamarBandara,0,,,,
Kumara Rajapaksa TharangaPerera,0,,,,
Ruwan Rathnayaka RanjithFernando,0,,,,
Sunil Ratnayake ChandanaWeerasinghe,0,,,,
Ruwan Ratnayake GayanPerera,0,,,,
Kumara Kumara SunilWeerasinghe,0,,,,
Anura Samarasinghe AnuraWeerasinghe,0,,,,
Sena Silva AnuraJayawardena,0,,,,
Samar Gunasekara AmaraGunasekara,0,,,,
Ranjith Samarasinghe PriyaSilva,0,,,,
Karuna Ekanayake ChandanaBandara,0,,,,
Sena Ranatunga NalakaPathirana,0,,,,
Dinesh Kumara AmaraPathirana,0,,,,
Karuna Perera TharangaAbeysekera,0,,,,
Chandana Senanayake TharangaBandara,0,,,,
Perera Kumara NuwanEkanayake,0,,,,
Sri Dias PereraRathnayaka,0,,,,
Lakshmi Jayawardena NuwanJayasinghe,0,,,,
Priya Weerasinghe NuwanEkanayake,0,,,,
Amara Pathirana NalakaEkanayake,0,,,,
Gayan Ratnayake ChandanaAbeysekera,0,,,,
Sri Ratnayake SenaJayasinghe,0,,,,
Anura Ratnayake GayanEkanayake,0,,,,
Ranjith Silva SunilSamarasinghe,0,,,,
Sena Jayawardena PereraAbeysekera,0,,,,
Sri Senanayake ChandanaWeerasinghe,0,,,,
Perera Ranatunga ChandanaSenanayake,0,,,,
Tharanga Wijesinghe KumaraRatnayake,0,,,,
Lakshmi Pathirana RuwanEkanayake,0,,,,
Lakshmi Gunasekara SriFernando,0,,,,
Amara Gunasekara TharangaJayawardena,0,,,,
Priya Silva PriyaDias,0,,,,
Anura Pathirana GayanRatnayake,0,,,,
Mahesh Kumara TharangaJayasinghe,0,,,,
Lakshmi Wijesinghe KarunaSamarasinghe,0,,,,
Anura Jayasinghe SunilSenanayake,0,,,,
Karuna Ekanayake PriyaSamarasinghe,0,,,,
Lakshmi Kumara SunilJayasinghe,0,,,,
Nuwan Silva KarunaRajapaksa,0,,,,
Lakshmi Kumara KarunaFernando,0,,,,
Lakshmi Samarasinghe SunilSamarasinghe,0,,,,
Priya Kumara SenaWeerasinghe,0,,,,
Ruwan Samarasinghe TharangaFernando,0,,,,
Mahesh Jayawardena KarunaEkanayake,0,,,,
Nuwan Gunasekara KarunaRatnayake,0,,,,
Anura Ratnayake KumaraPerera,0,,,,
Sri Rajapaksa SamarRajapaksa,0,,,,
Chandana Ratnayake AnuraRathnayaka,0,,,,
Dinesh Rajapaksa PereraDias,0,,,,
Gayan Silva AnuraRatnayake,0,,,,
Karuna Ranatunga SenaJayasinghe,0,,,,
Nalaka Abeysekera LakshmiRatnayake,0,,,,
Nalaka Jayawardena SamarSilva,0,,,,
Sena Samarasinghe PriyaRanatunga,0,,,,
Gayan Abeysekera DineshPathirana,0,,,,
Mahesh Ekanayake RanjithSilva,0,,,,
Ranjith Kumara RuwanSamarasinghe,0,,,,
Anura Wijesinghe AmaraAbeysekera,0,,,,
Perera Fernando RuwanEkanayake,0,,,,
Ruwan Senanayake PriyaKumara,0,,,,
Ranjith Ratnayake RanjithJayawardena,0,,,,
Tharanga Ratnayake NalakaJayasinghe,0,,,,
Tharanga Abeysekera NalakaRatnayake,0,,,,
Sunil Ratnayake MaheshSamarasinghe,0,,,,
Priya Dias PriyaSamarasinghe,0,,,,
Kumara Kumara RanjithRatnayake,0,,,,
Priya Jayawardena KarunaKumara,0,,,,
Ruwan Rathnayaka AmaraBandara,0,,,,
Anura Wijesinghe SenaRanatunga,0,,,,
Gayan Senanayake SenaEkanayake,0,,,,
Kumara Silva RuwanSenanayake,0,,,,
Dinesh Dias RuwanDias,0,,,,
Lakshmi Ranatunga SunilSilva,0,,,,
Mahesh Weerasinghe ChandanaPerera,0,,,,
Anura Senanayake MaheshSenanayake,0,,,,
Tharanga Bandara NuwanPerera,0,,,,
Ruwan Abeysekera NalakaRajapaksa,0,,,,
Sena Weerasinghe KumaraGunasekara,0,,,,
Tharanga Rathnayaka PereraRajapaksa,0,,,,
Nalaka Jayawardena SriWijesinghe,0,,,,
Tharanga Ekanayake GayanJayawardena,0,,,,
Sena Abeysekera GayanFernando,0,,,,
Ruwan Ratnayake KarunaBandara,0,,,,
Perera Weerasinghe AnuraWijesinghe,0,,,,
Nalaka Gunasekara PereraWeerasinghe,0,,,,
Amara Wijesinghe SriRanatunga,0,,,,
Nuwan Weerasinghe KarunaDias,0,,,,
Amara Kumara LakshmiKumara,0,,,,
Sri Perera AmaraPerera,0,,,,
Ruwan Ranatunga SenaRanatunga,0,,,,
Chandana Rathnayaka RanjithJayawardena,0,,,,
Sena Perera AmaraPerera,0,,,,
Dinesh Dias SenaBandara,0,,,,
Chandana Ratnayake KumaraRajapaksa,0,,,,
Sri Pathirana PereraGunasekara,0,,,,
Perera Senanayake RanjithDias,0,,,,
Ruwan Weerasinghe PriyaSamarasinghe,0,,,,
Mahesh Ratnayake MaheshJayawardena,0,,,,
Lakshmi Fernando LakshmiEkanayake,0,,,,
Tharanga Ranatunga RanjithSilva,0,,,,
Nuwan Ratnayake RuwanPathirana,0,,,,
Dinesh Wijesinghe NalakaSenanayake,0,,,,
Lakshmi Perera RanjithGunasekara,0,,,,
Karuna Pathirana SunilRanatunga,0,,,,
Ruwan Weerasinghe SenaJayawardena,0,,,,
Dinesh Wijesinghe SunilPathirana,0,,,,
Ranjith Bandara KumaraSamarasinghe,0,,,,
Sunil Pathirana SenaSamarasinghe,0,,,,
Dinesh Fernando TharangaKumara,0,,,,
Nuwan Senanayake RuwanRatnayake,0,,,,
Amara Gunasekara AmaraDias,0,,,,
Perera Weerasinghe KumaraSamarasinghe,0,,,,
Ruwan Pathirana GayanSilva,0,,,,
Ranjith Wijesinghe PereraSamarasinghe,0,,,,
Perera Ranatunga PriyaWijesinghe,0,,,,
Priya Weerasinghe LakshmiBandara,0,,,,
Lakshmi Weerasinghe LakshmiRatnayake,0,,,,
Chandana Senanayake AnuraGunasekara,0,,,,
Sunil Jayasinghe LakshmiSilva,0,,,,
Sena Samarasinghe TharangaSilva,0,,,,
Lakshmi Weerasinghe AmaraBandara,0,,,,
Anura Wijesinghe TharangaRajapaksa,0,,,,
Dinesh Silva SunilJayawardena,0,,,,
Nuwan Fernando PereraPathirana,0,,,,
Karuna Abeysekera KarunaKumara,0,,,,
Gayan Wijesinghe MaheshEkanayake,0,,,,
Samar Dias ChandanaPathirana,0,,,,
Gayan Senanayake KumaraAbeysekera,0,,,,
Chandana Gunasekara ChandanaFernando,0,,,,
Amara Samarasinghe SunilBandara,0,,,,
Lakshmi Gunasekara NalakaGunasekara,0,,,,
Gayan Jayasinghe KumaraWeerasinghe,0,,,,
Sunil Dias NalakaWijesinghe,0,,,,
Lakshmi Dias PriyaWijesinghe,0,,,,
Gayan Dias TharangaGunasekara,0,,,,
Kumara Fernando SenaPerera,0,,,,
Perera Bandara TharangaAbeysekera,0,,,,
Chandana Dias PereraWijesinghe,0,,,,
Anura Jayawardena SenaSilva,0,,,,
Chandana Wijesinghe AmaraFernando,0,,,,
Sena Fernando SamarWijesinghe,0,,,,
Kumara Abeysekera SriPerera,0,,,,
Sena Weerasinghe KumaraDias,0,,,,
Nalaka Rathnayaka SunilSilva,0,,,,
Ranjith Bandara NalakaDias,0,,,,
Chandana Rathnayaka KarunaRathnayaka,0,,,,
Gayan Wijesinghe SunilWijesinghe,0,,,,
Priya Fernando KumaraSamarasinghe,0,,,,
Nuwan Ekanayake AnuraKumara,0,,,,
Lakshmi Ranatunga TharangaFernando,0,,,,
Mahesh Wijesinghe AmaraPathirana,0,,,,
Sunil Weerasinghe MaheshJayawardena,0,,,,
Nalaka Fernando GayanKumara,0,,,,
Perera Wijesinghe ChandanaWeerasinghe,0,,,,
Dinesh Bandara SunilAbeysekera,0,,,,
Dinesh Fernando MaheshRanatunga,0,,,,
Anura Pathirana ChandanaSilva,0,,,,
Sena Rajapaksa SriFernando,0,,,,
Anura Gunasekara RanjithSilva,0,,,,
Anura Jayawardena NalakaWeerasinghe,0,,,,
Lakshmi Senanayake SenaAbeysekera,0,,,,
Chandana Dias MaheshGunasekara,0,,,,
Tharanga Dias MaheshRathnayaka,0,,,,
Anura Bandara AmaraPathirana,0,,,,
Sunil Weerasinghe SamarDias,0,,,,
Anura Gunasekara SriRanatunga,0,,,,
Nalaka Perera KumaraPathirana,0,,,,
Tharanga Dias AnuraFernando,0,,,,
Mahesh Samarasinghe ChandanaRatnayake,0,,,,
Amara Dias KarunaRatnayake,0,,,,
Ranjith Ratnayake NalakaRathnayaka,0,,,,
Lakshmi Pathirana SenaKumara,0,,,,
Sri Samarasinghe AnuraRatnayake,0,,,,
Mahesh Weerasinghe RanjithRathnayaka,0,,,,
Anura Jayasinghe SenaPerera,0,,,,
Lakshmi Abeysekera SunilEkanayake,0,,,,
Chandana Fernando TharangaRajapaksa,0,,,,
Priya Dias AnuraGunasekara,0,,,,
Ruwan Kumara RanjithPathirana,0,,,,
Perera Silva SamarPathirana,0,,,,
Nuwan Abeysekera NuwanRanatunga,0,,,,
Mahesh Gunasekara SunilPathirana,0,,,,
Nalaka Samarasinghe RanjithPathirana,0,,,,
Karuna Wijesinghe SamarBandara,0,,,,
Dinesh Kumara NalakaSenanayake,0,,,,
Lakshmi Weerasinghe NuwanWeerasinghe,0,,,,
Karuna Fernando SriSenanayake,0,,,,
Tharanga Perera DineshEkanayake,0,,,,
Karuna Senanayake KumaraKumara,0,,,,
Sri Weerasinghe SamarEkanayake,0,,,,
Nalaka Perera SunilFernando,0,,,,
Nuwan Ratnayake AmaraSamarasinghe,0,,,,
Sri Gunasekara DineshRatnayake,0,,,,
Sunil Bandara NuwanWeerasinghe,0,,,,
Nuwan Jayasinghe SamarPerera,0,,,,
Kumara Silva SenaAbeysekera,0,,,,
Amara Wijesinghe NalakaJayasinghe,0,,,,
Perera Kumara SunilBandara,0,,,,
Chandana Kumara MaheshDias,0,,,,
Amara Dias TharangaPerera,0,,,,
Amara Bandara SunilFernando,0,,,,
Tharanga Pathirana DineshSenanayake,0,,,,
Gayan Rajapaksa RanjithJayawardena,0,,,,
Kumara Perera NalakaKumara,0,,,,
Samar Rajapaksa SunilWijesinghe,0,,,,
Priya Silva PereraJayawardena,0,,,,
Sena Ranatunga KumaraPerera,0,,,,
Ranjith Jayasinghe SenaEkanayake,0,,,,
Tharanga Rajapaksa GayanSilva,0,,,,
Ranjith Bandara RuwanPathirana,0,,,,
Chandana Jayawardena SunilBandara,0,,,,
Anura Ratnayake AmaraPerera,0,,,,
Mahesh Weerasinghe AnuraRathnayaka,0,,,,
Dinesh Bandara SenaPerera,0,,,,
Priya Jayasinghe LakshmiPerera,0,,,,
Chandana Jayasinghe DineshAbeysekera,0,,,,
Tharanga Dias NuwanPathirana,0,,,,
Priya Bandara DineshSenanayake,0,,,,
Nuwan Jayasinghe RuwanRajapaksa,0,,,,
Sunil Rajapaksa AmaraJayawardena,0,,,,
Nuwan Abeysekera SamarJayawardena,0,,,,
Sena Wijesinghe KumaraAbeysekera,0,,,,
Nuwan Senanayake KumaraJayasinghe,0,,,,
Lakshmi Ekanayake DineshAbeysekera,0,,,,
Tharanga Ekanayake SamarWijesinghe,0,,,,
Amara Dias KarunaRajapaksa,0,,,,
Lakshmi Weerasinghe MaheshWijesinghe,0,,,,
Ranjith Ratnayake DineshWijesinghe,0,,,,
Chandana Silva SunilSilva,0,,,,
Kumara Wijesinghe SunilBandara,0,,,,
Amara Jayasinghe SamarEkanayake,0,,,,
Nalaka Weerasinghe MaheshAbeysekera,0,,,,
Gayan Bandara TharangaKumara,0,,,,
Dinesh Pathirana ChandanaSenanayake,0,,,,
Ruwan Ranatunga DineshRajapaksa,0,,,,
Ranjith Samarasinghe DineshAbeysekera,0,,,,
Samar Weerasinghe AmaraRatnayake,0,,,,
Sri Senanayake SamarBandara,0,,,,
Sri Ekanayake AmaraAbeysekera,0,,,,
Dinesh Rajapaksa TharangaEkanayake,0,,,,
Gayan Pathirana KumaraSilva,0,,,,
Priya Bandara SenaRatnayake,0,,,,
Kumara Gunasekara RuwanKumara,0,,,,
Sena Wijesinghe NuwanWeerasinghe,0,,,,
Sri Silva PriyaEkanayake,0,,,,
Nuwan Dias KumaraRatnayake,0,,,,
Sena Gunasekara SamarDias,0,,,,
Samar Pathirana NuwanAbeysekera,0,,,,
Lakshmi Ranatunga SamarRanatunga,0,,,,
Samar Pathirana SunilRathnayaka,0,,,,
Nalaka Kumara GayanAbeysekera,0,,,,
Nalaka Ranatunga LakshmiRanatunga,0,,,,
Dinesh Bandara SunilRanatunga,0,,,,
Chandana Kumara SriWijesinghe,0,,,,
Sena Kumara LakshmiKumara,0,,,,
Samar Abeysekera SriRanatunga,0,,,,
Tharanga Jayasinghe ChandanaSenanayake,0,,,,
Sena Ratnayake PereraWeerasinghe,0,,,,
Priya Kumara LakshmiKumara,0,,,,
Nalaka Kumara SriSilva,0,,,,
Nalaka Rajapaksa AnuraWijesinghe,0,,,,
Sena Pathirana RanjithEkanayake,0,,,,
Priya Samarasinghe RuwanAbeysekera,0,,,,
Kumara Ekanayake NuwanRanatunga,0,,,,
Nuwan Gunasekara SunilPathirana,0,,,,
Tharanga Ekanayake SamarWeerasinghe,0,,,,
Nuwan Rajapaksa RanjithRajapaksa,0,,,,
Nuwan Ekanayake ChandanaFernando,0,,,,
Dinesh Bandara SenaBandara,0,,,,
Lakshmi Gunasekara SunilBandara,0,,,,
Perera Pathirana AnuraAbeysekera,0,,,,
Priya Gunasekara GayanFernando,0,,,,
Gayan Dias KarunaDias,0,,,,
Sunil Rathnayaka SamarPerera,0,,,,
Ruwan Ranatunga LakshmiRathnayaka,0,,,,
Sena Ranatunga RuwanSamarasinghe,0,,,,
Dinesh Gunasekara PriyaRatnayake,0,,,,
Perera Jayawardena AnuraPathirana,0,,,,
Sri Kumara RanjithRajapaksa,0,,,,
Nalaka Bandara AnuraRatnayake,0,,,,
Lakshmi Silva LakshmiRathnayaka,0,,,,
Chandana Jayasinghe NuwanKumara,0,,,,
Perera Dias KarunaRatnayake,0,,,,
Mahesh Jayawardena SunilBandara,0,,,,
Samar Rathnayaka TharangaAbeysekera,0,,,,
Kumara Pathirana KumaraGunasekara,0,,,,
Tharanga Samarasinghe RuwanAbeysekera,0,,,,
Sena Rathnayaka RanjithJayasinghe,0,,,,
Mahesh Pathirana AmaraAbeysekera,0,,,,
Sunil Silva ChandanaSenanayake,0,,,,
Tharanga Fernando DineshWeerasinghe,0,,,,
Amara Rajapaksa KarunaWeerasinghe,0,,,,
Nuwan Ekanayake SenaFernando,0,,,,
Sena Samarasinghe SriJayawardena,0,,,,
Nalaka Ranatunga SenaDias,0,,,,
Kumara Silva SamarSilva,0,,,,
Tharanga Rajapaksa PereraPathirana,0,,,,
Nuwan Jayawardena AnuraAbeysekera,0,,,,
Sri Kumara SunilEkanayake,0,,,,
Sena Senanayake NalakaPerera,0,,,,
Anura Ranatunga DineshBandara,0,,,,
Mahesh Jayawardena TharangaDias,0,,,,
Sunil Rajapaksa KumaraEkanayake,0,,,,
Ranjith Senanayake ChandanaRanatunga,0,,,,
Ranjith Ranatunga RuwanWeerasinghe,0,,,,
Ranjith Ekanayake LakshmiAbeysekera,0,,,,
Kumara Bandara NuwanSenanayake,0,,,,
Sunil Senanayake KumaraWeerasinghe,0,,,,
Ruwan Fernando SamarWijesinghe,0,,,,
Dinesh Fernando MaheshSamarasinghe,0,,,,
Ranjith Abeysekera LakshmiRanatunga,0,,,,
Sri Silva MaheshDias,0,,,,
Chandana Bandara AnuraJayasinghe,0,,,,
Perera Wijesinghe SamarSenanayake,0,,,,
Priya Rathnayaka KumaraJayawardena,0,,,,
Ruwan Silva AmaraPathirana,0,,,,
Tharanga Wijesinghe AnuraRathnayaka,0,,,,
Lakshmi Ranatunga PereraWijesinghe,0,,,,
Ranjith Ratnayake LakshmiRanatunga,0,,,,
Nalaka Fernando MaheshGunasekara,0,,,,
Lakshmi Kumara SenaPerera,0,,,,
Tharanga Gunasekara NalakaSamarasinghe,0,,,,
Nuwan Jayasinghe SriRathnayaka,0,,,,
Sunil Bandara ChandanaRajapaksa,0,,,,
Priya Ratnayake LakshmiFernando,0,,,,
Samar Senanayake SenaFernando,0,,,,
Karuna Kumara SenaWeerasinghe,0,,,,
Nalaka Rajapaksa RuwanRatnayake,0,,,,
Anura Perera RuwanAbeysekera,0,,,,
Anura Gunasekara PereraWeerasinghe,0,,,,
Chandana Ranatunga AmaraKumara,0,,,,
Nuwan Silva SriRatnayake,0,,,,
Kumara Pathirana KarunaAbeysekera,0,,,,
Ruwan Perera SenaSenanayake,0,,,,
Samar Ekanayake PereraJayasinghe,0,,,,
Dinesh Senanayake RuwanFernando,0,,,,
Perera Samarasinghe SunilEkanayake,0,,,,
Sena Jayasinghe PereraDias,0,,,,
Ruwan Gunasekara KarunaSenanayake,0,,,,
Sri Senanayake NuwanRajapaksa,0,,,,
Ranjith Gunasekara SunilDias,0,,,,
Karuna Rajapaksa RanjithFernando,0,,,,
Kumara Jayasinghe GayanDias,0,,,,
Anura Rathnayaka SunilEkanayake,0,,,,
Ruwan Bandara MaheshJayasinghe,0,,,,
Gayan Weerasinghe AmaraRajapaksa,0,,,,
Perera Weerasinghe RuwanWijesinghe,0,,,,
Gayan Rajapaksa KumaraFernando,0,,,,
Perera Jayawardena KarunaSamarasinghe,0,,,,
Sunil Gunasekara SriKumara,0,,,,
Karuna Wijesinghe RanjithSamarasinghe,0,,,,
Ruwan Perera RuwanRanatunga,0,,,,
Samar Ratnayake DineshKumara,0,,,,
Nuwan Abeysekera SunilFernando,0,,,,
Karuna Ekanayake RanjithGunasekara,0,,,,
Amara Gunasekara SamarWeerasinghe,0,,,,
Priya Ranatunga PriyaKumara,0,,,,
Sena Jayasinghe LakshmiBandara,0,,,,
Lakshmi Ratnayake SamarBandara,0,,,,
Gayan Samarasinghe KumaraFernando,0,,,,
Nalaka Dias AmaraSenanayake,0,,,,
Sena Ratnayake AmaraAbeysekera,0,,,,
Anura Pathirana KarunaPerera,0,,,,
Nalaka Rathnayaka AnuraRanatunga,0,,,,
Sena Ratnayake DineshBandara,0,,,,
Kumara Ekanayake SenaRanatunga,0,,,,
Ruwan Wijesinghe GayanWeerasinghe,0,,,,
Sunil Jayawardena AmaraBandara,0,,,,
Sri Silva KumaraWeerasinghe,0,,,,
Sena Rajapaksa SriBandara,0,,,,
Anura Samarasinghe PriyaAbeysekera,0,,,,
Ranjith Abeysekera PriyaWijesinghe,0,,,,
Ranjith Rajapaksa MaheshJayawardena,0,,,,
Kumara Perera AnuraRanatunga,0,,,,
Kumara Senanayake KarunaGunasekara,0,,,,
Tharanga Dias TharangaWeerasinghe,0,,,,
Anura Gunasekara PereraDias,0,,,,
Perera Senanayake SamarJayasinghe,0,,,,
Kumara Rajapaksa AnuraJayasinghe,0,,,,
Gayan Abeysekera SenaRatnayake,0,,,,
Gayan Abeysekera PereraSenanayake,0,,,,
Priya Jayasinghe TharangaFernando,0,,,,
Perera Rajapaksa SriWeerasinghe,0,,,,
Dinesh Ranatunga LakshmiJayasinghe,0,,,,
Amara Rajapaksa LakshmiAbeysekera,0,,,,
Nuwan Perera RanjithWeerasinghe,0,,,,
Ranjith Jayawardena PriyaRatnayake,0,,,,
Kumara Kumara PriyaSilva,0,,,,
Lakshmi Ratnayake PereraGunasekara,0,,,,
Samar Perera PriyaRathnayaka,0,,,,
Nalaka Gunasekara LakshmiRathnayaka,0,,,,
Dinesh Wijesinghe NalakaJayawardena,0,,,,
Priya Ratnayake NuwanKumara,0,,,,
Nalaka Senanayake SunilRatnayake,0,,,,
Lakshmi Weerasinghe DineshPathirana,0,,,,
Dinesh Fernando KarunaRanatunga,0,,,,
Ranjith Gunasekara MaheshSenanayake,0,,,,
Dinesh Gunasekara NalakaKumara,0,,,,
Nuwan Perera AmaraEkanayake,0,,,,
Ranjith Rajapaksa GayanAbeysekera,0,,,,
Samar Senanayake AmaraKumara,0,,,,
Sunil Gunasekara KumaraPerera,0,,,,
Nuwan Fernando KarunaPerera,0,,,,
Dinesh Jayasinghe SriSamarasinghe,0,,,,
Gayan Jayawardena NalakaBandara,0,,,,
Kumara Perera GayanGunasekara,0,,,,
Gayan Ratnayake KumaraRanatunga,0,,,,
Sri Senanayake LakshmiEkanayake,0,,,,
Ranjith Wijesinghe SamarKumara,0,,,,
Nuwan Silva GayanJayawardena,0,,,,
Mahesh Fernando GayanWijesinghe,0,,,,
Karuna Rathnayaka DineshGunasekara,0,,,,
Sena Wijesinghe NalakaRajapaksa,0,,,,
Nalaka Jayawardena AnuraRathnayaka,0,,,,
Ranjith Kumara PriyaKumara,0,,,,
Lakshmi Perera ChandanaBandara,0,,,,
Sunil Jayawardena KumaraRanatunga,0,,,,
Sri Fernando KarunaKumara,0,,,,
Nalaka Senanayake LakshmiDias,0,,,,
Samar Samarasinghe GayanJayasinghe,0,,,,
Karuna Pathirana SriPathirana,0,,,,
Mahesh Bandara KumaraDias,0,,,,
Sri Kumara NalakaWeerasinghe,0,,,,
Ruwan Pathirana KumaraSamarasinghe,0,,,,
Amara Ranatunga PriyaFernando,0,,,,
Dinesh Samarasinghe PriyaRanatunga,0,,,,
Dinesh Jayasinghe PriyaPathirana,0,,,,
Karuna Rajapaksa AnuraGunasekara,0,,,,
Gayan Perera RanjithSamarasinghe,0,,,,
Mahesh Senanayake NuwanPathirana,0,,,,
Sri Fernando DineshEkanayake,0,,,,
Tharanga Rajapaksa AnuraRatnayake,0,,,,
Sri Senanayake KarunaSamarasinghe,0,,,,
Anura Samarasinghe DineshSenanayake,0,,,,
Karuna Samarasinghe LakshmiPerera,0,,,,
Tharanga Kumara RanjithWijesinghe,0,,,,
Ranjith Jayasinghe TharangaFernando,0,,,,
Dinesh Ekanayake LakshmiJayasinghe,0,,,,
Dinesh Gunasekara AnuraBandara,0,,,,
Sri Weerasinghe PriyaKumara,0,,,,
Tharanga Silva NuwanJayasinghe,0,,,,
Mahesh Jayawardena AnuraWeerasinghe,0,,,,
Mahesh Abeysekera MaheshKumara,0,,,,
Anura Kumara RanjithJayawardena,0,,,,
Chandana Pathirana SamarDias,0,,,,
Samar Gunasekara NuwanWijesinghe,0,,,,
Kumara Dias MaheshKumara,0,,,,
Karuna Wijesinghe ChandanaWeerasinghe,0,,,,
Kumara Jayawardena NuwanRajapaksa,0,,,,
Mahesh Rathnayaka SriRatnayake,0,,,,
Ranjith Rathnayaka SamarWijesinghe,0,,,,
Mahesh Gunasekara SenaPerera,0,,,,
Sri Dias SunilSenanayake,0,,,,
Ruwan Rathnayaka PriyaWeerasinghe,0,,,,
Perera Abeysekera PereraRanatunga,0,,,,
Lakshmi Perera GayanSamarasinghe,0,,,,
Dinesh Bandara KarunaEkanayake,0,,,,
Amara Pathirana SamarSamarasinghe,0,,,,
Ranjith Kumara MaheshRajapaksa,0,,,,
Perera Perera TharangaFernando,0,,,,
Perera Weerasinghe MaheshWeerasinghe,0,,,,
Samar Pathirana NuwanPerera,0,,,,
Ranjith Jayawardena MaheshGunasekara,0,,,,
Tharanga Ratnayake LakshmiRanatunga,0,,,,
Chandana Wijesinghe RuwanEkanayake,0,,,,
Kumara Jayawardena RanjithSamarasinghe,0,,,,
Karuna Ranatunga NalakaRanatunga,0,,,,
Sunil Gunasekara PereraSamarasinghe,0,,,,
Sri Bandara KumaraJayawardena,0,,,,
Anura Dias AnuraJayawardena,0,,,,
Nuwan Wijesinghe KarunaRajapaksa,0,,,,
Kumara Rajapaksa DineshRatnayake,0,,,,
Anura Jayasinghe RanjithRanatunga,1,,,,
Lakshmi Abeysekera DineshBandara,1,,,,
Anura Ranatunga PriyaJayawardena,1,,,,
Lakshmi Ranatunga TharangaAbeysekera,1,,,,
Dinesh Kumara NuwanPathirana,1,,,,
Chandana Gunasekara NuwanJayawardena,1,,,,
Samar Silva SamarEkanayake,1,,,,
Sena Weerasinghe ChandanaSamarasinghe,1,,,,
Priya Pathirana MaheshGunasekara,1,,,,
Sena Bandara SamarBandara,1,,,,
Mahesh Fernando PriyaRathnayaka,1,,,,
Ruwan Ekanayake LakshmiGunasekara,1,,,,
Sena Ekanayake DineshRathnayaka,1,,,,
Kumara Ratnayake NalakaSamarasinghe,1,,,,
Anura Fernando TharangaSilva,1,,,,
Sri Senanayake MaheshEkanayake,1,,,,
Nuwan Rajapaksa PriyaAbeysekera,1,,,,
Ranjith Samarasinghe AmaraBandara,1,,,,
Lakshmi Fernando KumaraWeerasinghe,1,,,,
Tharanga Kumara AnuraKumara,1,,,,
Sunil Jayasinghe NalakaPerera,1,,,,
Sri Senanayake DineshBandara,1,,,,
Anura Ranatunga SunilJayawardena,1,,,,
Karuna Abeysekera TharangaBandara,1,,,,
Nalaka Jayawardena ChandanaWeerasinghe,1,,,,
Chandana Kumara PriyaSilva,1,,,,
Nalaka Kumara PereraWijesinghe,1,,,,
Priya Perera SamarSamarasinghe,1,,,,
Tharanga Ratnayake MaheshPathirana,1,,,,
Gayan Bandara MaheshRathnayaka,1,,,,
Gayan Gunasekara KarunaWeerasinghe,1,,,,
Mahesh Gunasekara NalakaPerera,1,,,,
Kumara Senanayake NuwanEkanayake,1,,,,
Samar Samarasinghe PriyaBandara,1,,,,
Gayan Rajapaksa PriyaSenanayake,1,,,,
Sunil Dias SenaGunasekara,1,,,,
Sri Rajapaksa MaheshRajapaksa,1,,,,
Samar Weerasinghe RuwanAbeysekera,1,,,,
Chandana Senanayake KarunaWijesinghe,1,,,,
Tharanga Samarasinghe RanjithRathnayaka,1,,,,
Priya Perera PereraEkanayake,1,,,,
Sunil Samarasinghe AnuraPerera,1,,,,
Ranjith Weerasinghe KumaraSenanayake,1,,,,
Anura Jayasinghe AmaraJayawardena,1,,,,
Kumara Ranatunga SunilSenanayake,1,,,,
Tharanga Weerasinghe AnuraPerera,1,,,,
Chandana Senanayake SriRajapaksa,1,,,,
Sunil Senanayake NalakaRatnayake,1,,,,
Sena Ratnayake NalakaAbeysekera,1,,,,
Ruwan Dias PriyaAbeysekera,1,,,,
Sena Perera TharangaWeerasinghe,1,,,,
Anura Ranatunga TharangaEkanayake,1,,,,
Chandana Rathnayaka GayanRatnayake,1,,,,
Lakshmi Gunasekara NalakaWeerasinghe,1,,,,
Kumara Ranatunga SenaSamarasinghe,1,,,,
Priya Ranatunga GayanBandara,1,,,,
Anura Gunasekara MaheshKumara,1,,,,
Amara Samarasinghe TharangaFernando,1,,,,
Lakshmi Ratnayake TharangaRathnayaka,1,,,,
Ruwan Pathirana NuwanKumara,1,,,,
Sena Dias LakshmiPathirana,1,,,,
Nuwan Bandara RuwanJayawardena,1,,,,
Samar Bandara AnuraRatnayake,1,,,,
Karuna Wijesinghe DineshSilva,1,,,,
Tharanga Perera PriyaPathirana,1,,,,
Tharanga Perera SamarRathnayaka,1,,,,
Nalaka Wijesinghe MaheshRathnayaka,1,,,,
Mahesh Gunasekara MaheshWeerasinghe,1,,,,
Perera Jayawardena TharangaRajapaksa,1,,,,
Anura Ratnayake LakshmiSenanayake,1,,,,
Anura Bandara AnuraRajapaksa,1,,,,
Priya Ratnayake SunilDias,1,,,,
Kumara Gunasekara SamarKumara,1,,,,
Sena Jayawardena RanjithRanatunga,1,,,,
Sri Rathnayaka SamarRajapaksa,1,,,,
Nuwan Ranatunga KarunaWeerasinghe,1,,,,
Samar Abeysekera RuwanJayawardena,1,,,,
Amara Senanayake SunilSilva,1,,,,
Sri Silva PereraWeerasinghe,1,,,,
Sunil Gunasekara AmaraDias,1,,,,
Samar Ekanayake ChandanaGunasekara,1,,,,
Perera Jayasinghe LakshmiWeerasinghe,1,,,,
Amara Rathnayaka PriyaRathnayaka,1,,,,
Mahesh Perera MaheshSamarasinghe,1,,,,
Amara Senanayake NalakaRatnayake,1,,,,
Perera Abeysekera KumaraRajapaksa,1,,,,
Dinesh Senanayake LakshmiSilva,1,,,,
Chandana Gunasekara ChandanaPathirana,1,,,,
Tharanga Kumara KarunaRajapaksa,1,,,,
Mahesh Dias KumaraRajapaksa,1,,,,
Amara Bandara SunilDias,1,,,,
Lakshmi Rathnayaka LakshmiSenanayake,1,,,,
Karuna Perera SamarAbeysekera,1,,,,
Sri Rathnayaka PriyaAbeysekera,1,,,,
Gayan Bandara SunilPerera,1,,,,
Lakshmi Jayawardena MaheshGunasekara,1,,,,
Priya Samarasinghe AmaraGunasekara,1,,,,
Sri Silva AnuraEkanayake,1,,,,
Sena Wijesinghe LakshmiRatnayake,1,,,,
Amara Jayawardena GayanPerera,1,,,,
Gayan Bandara RuwanRatnayake,1,,,,
Nuwan Ekanayake RanjithJayasinghe,1,,,,
Nalaka Wijesinghe AnuraPerera,1,,,,
Lakshmi Bandara DineshSamarasinghe,1,,,,
Sena Silva GayanGunasekara,1,,,,
Priya Ratnayake DineshWijesinghe,1,,,,
Karuna Ranatunga RuwanBandara,1,,,,
Nuwan Rathnayaka LakshmiDias,1,,,,
Sunil Jayasinghe DineshRanatunga,1,,,,
Mahesh Jayasinghe PereraJayasinghe,1,,,,
Sena Dias LakshmiFernando,1,,,,
Samar Wijesinghe MaheshRathnayaka,1,,,,
Ranjith Abeysekera KarunaRatnayake,1,,,,
Amara Fernando SunilBandara,1,,,,
Gayan Rathnayaka RuwanRanatunga,1,,,,
Nuwan Ratnayake SenaKumara,1,,,,
Amara Jayasinghe DineshSilva,1,,,,
